{"initial_reset_timestamp": 1516829041.0407956, "timestamps": [1516829052.0655124, 1516829065.9533062, 1516829075.6302333, 1516829082.1159446, 1516829091.679908, 1516829098.1047294, 1516829106.1607645, 1516829115.0603945, 1516829121.774841, 1516829127.5225751, 1516829135.0653872, 1516829145.1425118, 1516829154.4740677, 1516829161.9805057, 1516829171.4507844, 1516829178.8295906, 1516829185.7265453, 1516829192.038215, 1516829200.9657297, 1516829210.6007693, 1516829223.7168727, 1516829230.562366, 1516829236.5927763, 1516829246.1151497, 1516829251.5628583, 1516829261.5380225, 1516829270.4489827, 1516829280.1751785, 1516829288.236809, 1516829296.3641493, 1516829302.1589656, 1516829312.7013125, 1516829318.3040688, 1516829329.6235003, 1516829337.5974746, 1516829346.2082818, 1516829351.6960893, 1516829361.3449554, 1516829366.9727204, 1516829376.4704707, 1516829385.6896982, 1516829393.3384275, 1516829402.6612015, 1516829410.33167, 1516829421.1414206, 1516829433.8017387, 1516829439.365731, 1516829454.3741343, 1516829464.3340921, 1516829474.1291301, 1516829483.0143888, 1516829490.5308425, 1516829501.223969, 1516829507.9002686, 1516829516.8044, 1516829535.219819, 1516829548.2913718, 1516829556.2184877, 1516829561.8750718, 1516829570.5721412, 1516829576.076532, 1516829584.6868453, 1516829590.450069, 1516829597.1451473, 1516829609.0250747, 1516829617.8890808, 1516829627.9789457, 1516829633.4697912, 1516829639.3227541, 1516829646.1913495, 1516829655.2208638, 1516829660.6256385, 1516829672.638758, 1516829680.1706452, 1516829689.5613182, 1516829702.109011, 1516829711.1331544, 1516829719.8031676, 1516829725.2331262, 1516829733.8358848, 1516829741.497227, 1516829749.1687691, 1516829754.4648879, 1516829766.2911584, 1516829774.752505, 1516829783.2404976, 1516829794.234099, 1516829800.0102677, 1516829807.38036, 1516829819.070877, 1516829825.1409194, 1516829831.7938402, 1516829839.395185, 1516829852.1046112, 1516829862.7519135, 1516829874.952169, 1516829884.9180496, 1516829893.3133771, 1516829901.2406118, 1516829906.6669374, 1516829919.2561603, 1516829925.7894437, 1516829931.4280975, 1516829940.883757, 1516829947.179742, 1516829955.8169267, 1516829963.7136867, 1516829970.918091, 1516829976.3470953, 1516829985.7582848, 1516829997.685971, 1516830002.8926234, 1516830010.0613828, 1516830015.8085682, 1516830021.8354106, 1516830034.9228084, 1516830046.12147, 1516830052.5925257, 1516830058.9278705, 1516830064.230758, 1516830071.4363384, 1516830077.2194695, 1516830085.799408, 1516830095.8316398, 1516830107.1491044, 1516830113.2334056, 1516830118.8376527, 1516830127.3394122, 1516830137.8999214, 1516830149.6932228, 1516830159.368187, 1516830166.0503035, 1516830172.8252122, 1516830180.9528108, 1516830189.5271351, 1516830199.1013188, 1516830207.581889, 1516830214.5551448, 1516830221.816208, 1516830232.843306, 1516830247.7047715, 1516830256.921758, 1516830262.2312725, 1516830272.8843212, 1516830278.1899216, 1516830285.0064566, 1516830291.693707, 1516830301.1894317, 1516830307.831375, 1516830314.9308944, 1516830326.4701755, 1516830334.2883654, 1516830340.4421022, 1516830347.6895533, 1516830359.413429, 1516830366.865619, 1516830372.6763668, 1516830388.0264676, 1516830394.8904145, 1516830405.078982, 1516830410.3826027, 1516830416.7287588, 1516830428.5391512, 1516830439.7273204, 1516830448.9578876, 1516830462.3212314, 1516830469.7260208, 1516830477.105097, 1516830488.7357552, 1516830497.2187636, 1516830505.6804068, 1516830515.279108, 1516830521.5637836, 1516830531.0955157, 1516830538.435723, 1516830545.5322165, 1516830551.9776096, 1516830560.7373092, 1516830567.4997168, 1516830573.8574407, 1516830579.5609434, 1516830588.8111792, 1516830597.3967457, 1516830603.899805, 1516830609.7570775, 1516830616.6476448, 1516830625.223985, 1516830633.4845161, 1516830641.6511378, 1516830652.0172079, 1516830664.2657025, 1516830671.4274335, 1516830678.053541, 1516830687.6126878, 1516830696.0096867, 1516830705.2347832, 1516830719.6650112], "episode_lengths": [334, 438, 266, 172, 263, 175, 234, 278, 207, 179, 236, 314, 237, 234, 298, 230, 172, 177, 281, 276, 333, 190, 160, 297, 167, 313, 272, 302, 229, 253, 179, 316, 171, 352, 249, 245, 170, 302, 175, 297, 288, 238, 292, 204, 340, 401, 167, 472, 312, 309, 230, 232, 305, 167, 209, 582, 373, 227, 176, 244, 167, 267, 174, 189, 316, 273, 304, 170, 181, 176, 253, 173, 359, 244, 306, 407, 296, 278, 173, 281, 243, 247, 168, 369, 275, 274, 333, 183, 215, 359, 175, 183, 229, 339, 330, 375, 278, 268, 241, 168, 178, 198, 164, 304, 179, 279, 210, 210, 168, 286, 364, 164, 212, 164, 174, 429, 346, 204, 205, 170, 234, 180, 281, 308, 344, 167, 181, 243, 343, 360, 303, 203, 187, 247, 277, 290, 258, 207, 211, 341, 402, 230, 169, 276, 165, 199, 215, 275, 212, 223, 232, 252, 172, 209, 360, 209, 173, 480, 194, 304, 169, 204, 357, 320, 236, 399, 234, 238, 343, 274, 247, 291, 168, 284, 215, 205, 206, 247, 171, 172, 174, 272, 276, 178, 166, 208, 262, 250, 249, 297, 353, 215, 175, 275, 246, 267, 297], "episode_rewards": [3.0, 5.0, 2.0, 0.0, 1.0, 0.0, 1.0, 2.0, 1.0, 0.0, 1.0, 3.0, 1.0, 1.0, 2.0, 1.0, 0.0, 0.0, 2.0, 2.0, 3.0, 0.0, 0.0, 2.0, 0.0, 3.0, 2.0, 2.0, 1.0, 1.0, 0.0, 2.0, 0.0, 3.0, 1.0, 2.0, 0.0, 2.0, 0.0, 2.0, 2.0, 1.0, 2.0, 1.0, 3.0, 4.0, 0.0, 5.0, 2.0, 2.0, 1.0, 1.0, 2.0, 0.0, 1.0, 7.0, 3.0, 1.0, 0.0, 2.0, 0.0, 2.0, 0.0, 0.0, 3.0, 2.0, 2.0, 0.0, 0.0, 0.0, 2.0, 0.0, 3.0, 1.0, 3.0, 4.0, 2.0, 2.0, 0.0, 2.0, 1.0, 1.0, 0.0, 3.0, 2.0, 2.0, 3.0, 0.0, 1.0, 3.0, 0.0, 0.0, 1.0, 3.0, 3.0, 3.0, 2.0, 2.0, 1.0, 0.0, 0.0, 0.0, 0.0, 2.0, 0.0, 2.0, 1.0, 1.0, 0.0, 2.0, 3.0, 0.0, 1.0, 0.0, 0.0, 4.0, 3.0, 1.0, 0.0, 0.0, 1.0, 0.0, 2.0, 3.0, 3.0, 0.0, 0.0, 1.0, 3.0, 3.0, 3.0, 0.0, 0.0, 1.0, 2.0, 2.0, 2.0, 1.0, 1.0, 3.0, 4.0, 1.0, 0.0, 2.0, 0.0, 0.0, 1.0, 2.0, 1.0, 1.0, 1.0, 1.0, 0.0, 1.0, 3.0, 1.0, 0.0, 5.0, 0.0, 2.0, 0.0, 1.0, 3.0, 2.0, 1.0, 5.0, 1.0, 1.0, 3.0, 2.0, 2.0, 2.0, 0.0, 2.0, 1.0, 0.0, 1.0, 2.0, 0.0, 0.0, 0.0, 2.0, 2.0, 0.0, 0.0, 1.0, 1.0, 1.0, 1.0, 2.0, 4.0, 1.0, 0.0, 2.0, 1.0, 2.0, 2.0], "episode_types": ["t", "t", "t", "t", "t", "t", "t", "t", "t", "t", "t", "t", "t", "t", "t", "t", "t", "t", "t", "t", "t", "t", "t", "t", "t", "t", "t", "t", "t", "t", "t", "t", "t", "t", "t", "t", "t", "t", "t", "t", "t", "t", "t", "t", "t", "t", "t", "t", "t", "t", "t", "t", "t", "t", "t", "t", "t", "t", "t", "t", "t", "t", "t", "t", "t", "t", "t", "t", "t", "t", "t", "t", "t", "t", "t", "t", "t", "t", "t", "t", "t", "t", "t", "t", "t", "t", "t", "t", "t", "t", "t", "t", "t", "t", "t", "t", "t", "t", "t", "t", "t", "t", "t", "t", "t", "t", "t", "t", "t", "t", "t", "t", "t", "t", "t", "t", "t", "t", "t", "t", "t", "t", "t", "t", "t", "t", "t", "t", "t", "t", "t", "t", "t", "t", "t", "t", "t", "t", "t", "t", "t", "t", "t", "t", "t", "t", "t", "t", "t", "t", "t", "t", "t", "t", "t", "t", "t", "t", "t", "t", "t", "t", "t", "t", "t", "t", "t", "t", "t", "t", "t", "t", "t", "t", "t", "t", "t", "t", "t", "t", "t", "t", "t", "t", "t", "t", "t", "t", "t", "t", "t", "t", "t", "t", "t", "t", "t", "t"]}