{"initial_reset_timestamp": 1516828673.2908273, "timestamps": [1516828684.4171035, 1516828690.9777205, 1516828699.256157, 1516828706.7030072, 1516828715.950491, 1516828725.94783, 1516828736.0497818, 1516828747.0264807, 1516828754.179715, 1516828766.8411713, 1516828774.5011036, 1516828789.093363, 1516828799.5813224, 1516828805.2232182, 1516828810.6022966, 1516828820.8669837, 1516828828.2648835, 1516828834.1637645, 1516828842.123282], "episode_lengths": [306, 173, 243, 212, 277, 298, 278, 308, 220, 344, 241, 461, 329, 176, 163, 325, 208, 184, 225], "episode_rewards": [2.0, 0.0, 1.0, 1.0, 2.0, 2.0, 2.0, 2.0, 1.0, 3.0, 1.0, 5.0, 3.0, 0.0, 0.0, 3.0, 1.0, 0.0, 1.0], "episode_types": ["t", "t", "t", "t", "t", "t", "t", "t", "t", "t", "t", "t", "t", "t", "t", "t", "t", "t", "t", "t"]}